name,sex,yob
Michelle,F,1998
Natalie,F,1993
Rebecca,F,1998
Mary,F,2000
Ashley,F,1999
Maria,F,1997
Samuel,M,1991
Victoria,F,1997
Shelby,F,1996
Rachel,F,1990
Cody,M,1998
Alexandra,F,1991
Daniel,M,1993
Nicholas,M,1995
Sara,F,1999
Alexander,M,1990
Samantha,F,1995
Elizabeth,F,1999
Nicole,F,1990
Abigail,F,1993
Kimberly,F,1992
Eric,M,1993
Melissa,F,1997
Jennifer,F,1996
James,M,1998
Sean,M,1999
David,M,1995
Tiffany,F,2000
Amber,F,1992
Lauren,F,1996
Courtney,F,1990
Andrew,M,1990
Cameron,M,1998
Megan,F,1993
Joseph,M,1995
Danielle,F,1992
Nathan,M,1996
Jasmine,F,1997
Allison,F,2000
Jessica,F,1995
Kyle,M,1997
John,M,1999
Ryan,M,1992
Brian,M,1998
Matthew,M,1990
Jonathan,M,1996
Tyler,M,1999
Steven,M,1999
Justin,M,1991
Jeremy,M,1997
Kaitlyn,F,1991
Jose,M,1999
William,M,1999
Anna,F,1994
Katherine,F,1995
Kelsey,F,1990
Michael,M,1998
Kevin,M,1992
Robert,M,1996
Alyssa,F,1991
Patrick,M,1995
Dylan,M,1999
Laura,F,1995
Amanda,F,2000
Emily,F,1995
Zachary,M,1994
Brittany,F,1994
Alexis,F,1996
Mark,M,1996
Benjamin,M,1999
Brianna,F,1994
Heather,F,1996
Stephen,M,1991
Richard,M,1996
Aaron,M,1998
Jordan,M,1992
Madison,F,1995
Christopher,M,1999
Austin,M,1995
Adam,M,1996
Christian,M,1994
Kayla,F,1995
Haley,F,1999
Thomas,M,2000
Hannah,F,1998
Sarah,F,2000
Taylor,F,1990
Brandon,M,1996
Chelsea,F,1994
Morgan,F,1996
Anthony,M,1994
Charles,M,1998
Joshua,M,1997
Jason,M,1998
Christina,F,1991
Jacob,M,1995
Ethan,M,1993
Stephanie,F,1992
Olivia,F,1994
Timothy,M,1999
Jeffrey,M,1989
